26.591124,33.14172,42.53723,23.18875,145.3739,62.515617,30.47082,144.92368,124.17704,34.654747,152.3267,83.20551,44.19637,147.04684,47.380833,0.0
40.638103,35.928535,46.663612,22.852032,144.33495,68.955215,30.381624,144.22073,129.57225,35.418102,151.41461,87.26525,50.198944,141.61055,65.99623,0.0
38.37753,33.71673,49.0648,23.9786,140.87546,69.21215,32.742153,140.88707,113.63023,37.14611,148.52089,81.34533,52.85914,138.57068,61.481544,0.0
25.452318,32.152004,49.736557,36.77045,129.70038,76.73756,46.053528,129.12256,109.45509,49.414936,135.59679,84.44221,67.717804,123.88172,62.39232,0.0
16.554996,25.242641,49.344242,53.82048,116.11266,68.42624,69.27233,109.132935,101.69338,72.6666,114.35383,85.92363,83.39486,109.448685,63.83026,0.0
15.4906435,8.384458,44.097187,89.71569,86.41675,64.58708,102.26237,81.59341,83.003044,104.54293,85.14433,79.86138,101.751915,87.266594,73.88408,0.0
20.463312,7.571519,18.750284,90.304184,88.331696,51.54092,94.03536,92.29132,61.81057,95.81972,92.553314,64.253685,91.02268,92.48924,66.196205,0.0
16.05042,6.477369,51.271057,92.82121,80.45659,51.36069,105.86471,79.761154,65.595245,112.4535,80.383865,75.112854,115.8175,76.87571,82.69967,0.0
11.480412,10.080158,89.441765,99.52112,65.488976,51.775047,113.74578,65.185486,66.44769,120.232544,68.20593,83.2753,125.6787,59.07043,107.14116,0.0
10.030559,15.364746,108.073654,107.000114,55.86029,49.605274,122.62408,54.8292,69.323715,129.09554,57.091187,91.031044,135.52567,39.66028,128.28188,0.0
13.335468,19.824411,79.327736,104.23533,56.235268,40.002388,127.44425,46.718338,95.99941,134.77992,48.08717,110.336044,140.06458,38.655025,101.39404,0.0
21.634481,26.589085,69.53593,85.56119,78.49382,66.173836,118.29003,54.262745,119.5009,115.36282,66.41676,105.75696,111.77767,73.80673,70.279816,0.0
21.224634,31.038397,55.33236,51.710598,113.49622,88.85247,61.811264,112.86296,133.12187,57.97727,127.03156,103.120415,75.229,114.62967,72.20927,0.0
26.498005,35.73013,50.24639,39.17323,126.24146,86.51617,47.8624,127.871635,130.74771,44.511093,142.55922,97.67506,55.114265,136.64458,61.626015,0.0
31.788706,38.167046,50.38864,36.405697,128.88924,90.29086,39.070496,137.75256,143.64395,39.221436,150.29752,92.317535,49.00497,144.29478,72.26707,0.0
32.54944,39.452316,54.95127,45.752167,119.90603,35.983967,48.900673,128.45952,140.73315,50.572174,138.32942,89.80325,40.977734,151.53903,56.9953,0.0
32.560184,46.011784,50.51547,114.73596,40.67311,70.73692,136.93718,36.12389,158.64877,125.18044,59.147034,116.72368,118.05103,63.90243,81.58631,0.0
32.60232,44.984657,51.791092,111.085556,45.308666,58.42262,135.10803,39.199165,155.06471,122.05834,63.142338,114.06154,113.54189,69.285034,79.78939,0.0
31.985481,42.56382,48.867214,98.06037,64.62264,55.49085,115.17438,62.136253,152.22043,98.69772,88.47549,105.732864,90.826416,94.72292,78.62467,0.0
34.33811,41.236744,48.92037,65.8896,99.15648,56.204666,82.570885,96.03562,139.59059,75.76371,113.56013,92.04978,67.26156,121.35818,67.19472,0.0
30.999174,39.08555,38.791718,37.904243,139.32393,6.056914,36.125343,147.9788,113.1516,37.267914,156.15962,62.337852,27.545141,168.73616,37.746357,0.0
46.8797,37.853447,34.7675,42.06939,135.19595,8.01197,40.23373,146.43521,46.963905,39.10671,154.95578,42.466805,31.190691,162.348,32.10094,0.0
55.250107,38.565254,25.711262,89.839905,95.364174,50.905636,91.74438,98.83283,61.8481,85.38573,104.45047,60.65633,70.955574,107.421684,59.641747,0.0
57.103157,34.020157,13.041392,91.987724,73.739365,52.302525,95.0771,93.90363,59.359238,92.38981,97.96871,59.183002,88.26281,90.162704,53.31037,0.0
29.513672,47.956146,56.90873,73.99836,86.63431,35.0377,85.3522,87.39542,154.83942,78.191216,106.42022,101.11807,64.13292,122.65526,63.456795,0.0
9.8423,17.058554,71.9293,100.95154,69.10883,70.51209,120.4069,58.35399,101.89038,121.78988,63.081173,92.124504,120.2635,65.7063,70.81658,0.0
22.064215,9.106219,24.736141,101.70556,83.37952,64.01024,102.04348,96.527054,62.522278,96.140305,102.980316,55.16837,82.94023,109.6192,52.29128,0.0
23.84879,42.64481,54.941624,91.06379,79.55729,48.16986,86.66001,85.0084,48.695015,71.53491,97.02168,47.336235,49.098026,108.41836,37.60295,0.0
29.418846,39.904816,56.088512,100.03059,77.81784,37.274532,96.20856,77.487434,29.586096,73.36075,94.86731,25.2329,41.542274,111.17927,16.764778,0.0
31.810495,43.253094,49.55312,83.76358,95.271095,27.208456,80.343094,91.866394,17.114887,52.09178,116.04765,13.471329,38.530025,121.576385,6.98427,0.0
33.039837,18.364439,32.570698,63.894596,127.250626,45.609226,51.828945,134.87976,44.704338,36.589855,138.58975,38.15241,29.823757,144.44829,27.388006,0.0
23.20993,22.62991,52.963917,76.55696,96.59241,59.15549,72.48046,115.84942,51.494465,63.587116,129.1827,42.99814,53.225903,144.0972,30.796907,0.0
17.135923,14.796048,58.36268,92.66289,80.8445,59.51738,110.78816,72.051155,92.047874,110.9867,77.906105,85.33319,114.868416,73.90187,80.44166,0.0
50.055367,36.867935,50.08326,25.11781,146.67311,22.293613,28.495615,147.54431,85.13027,32.97679,154.71677,53.14335,38.343094,153.85187,39.72971,0.0
45.193775,42.045345,44.09224,36.342785,148.82988,1.7286228,29.990776,156.22392,82.896194,31.704086,160.36523,50.17124,23.647604,170.32103,29.394527,0.0
36.192272,49.436726,45.612026,48.09722,124.48311,17.623558,48.644672,135.72638,76.65248,47.980785,143.75366,63.93671,27.422947,164.87517,40.86336,0.0
27.648262,9.728386,5.6219406,31.638302,123.17783,21.504461,35.70864,128.22093,29.763931,38.556126,134.77722,28.905046,48.016933,126.152824,30.391502,0.0
24.694254,14.224169,3.7319217,31.773232,128.2345,23.305466,29.182888,139.10277,32.645958,25.303522,149.00925,29.786318,34.942104,135.33945,30.238039,0.0
21.808561,14.447719,30.917934,76.04358,91.8683,44.618305,86.569405,92.95268,74.150185,92.14091,95.95794,71.89086,96.86748,90.35961,72.337364,0.0
22.473026,9.514937,12.881914,83.2398,89.83631,56.549248,88.1024,95.68614,65.6032,85.43894,100.9259,64.29508,79.76821,99.362144,65.53348,0.0
21.620928,31.986658,49.1358,69.85104,117.29157,38.67706,58.20468,121.124504,33.153393,43.154747,124.371254,31.887884,22.705538,138.53978,20.182262,0.0
25.439135,30.670317,60.250797,56.394417,133.15091,19.830889,42.61927,124.35588,21.405216,35.52106,122.11749,26.262383,46.61073,118.06809,11.686582,0.0
20.206692,39.7377,62.42341,39.808468,138.77219,12.521827,50.344574,113.131065,18.485308,84.23231,85.26073,24.373243,95.47376,80.61293,10.816226,0.0
27.601587,46.536285,45.371544,102.86744,80.96906,44.55947,103.03208,78.02867,51.151978,93.26401,82.81672,50.648647,80.14707,86.43922,38.089737,0.0
10.053304,30.162535,54.35007,110.011154,52.177357,76.171486,117.58945,77.08848,87.759384,118.63598,89.66979,77.80089,112.63646,93.7483,80.241066,0.0
7.9715466,6.8730836,107.76333,122.78004,42.4046,62.280193,136.98024,42.111862,103.49996,144.2456,44.837704,102.15746,148.84471,35.880913,101.29844,0.0
16.976902,14.202065,74.60924,94.03487,71.485916,57.267693,114.291725,64.9414,92.3019,122.58493,65.232765,91.051735,128.84148,56.093693,83.66564,0.0
22.971502,29.469135,46.157238,49.72623,110.04371,43.150383,60.55011,114.80566,78.669044,71.201584,114.66415,74.938965,82.42546,106.57272,69.91645,0.0
25.614222,30.07388,45.781673,39.55372,121.78128,26.432957,43.54234,131.3329,45.711945,49.721268,135.99481,46.374176,56.58843,132.94197,40.8982,0.0
30.648834,7.3857913,27.356647,86.68841,89.77214,43.970562,95.21709,90.05304,72.13865,95.92078,90.56406,67.82796,99.22208,82.85497,67.46129,0.0
26.242662,42.211334,52.091415,85.300865,98.00254,47.643406,89.897804,95.20047,50.762722,84.62413,93.84231,54.971397,75.61074,92.84614,44.807087,0.0
24.459923,43.03093,55.652218,40.40489,145.22562,8.113621,91.0388,82.992035,13.752806,138.89725,36.152374,16.53436,158.89561,11.449066,3.7305367,0.0
24.735617,56.9384,54.400566,175.16386,4.1082053,2.8626568,158.93625,17.397902,11.763701,169.78268,8.213244,16.417841,171.81073,5.911137,15.874726,0.0
22.746935,33.691753,55.867695,43.505295,151.663,15.232962,29.094875,138.09615,18.219292,29.458828,128.68832,25.80401,47.55289,118.061646,13.566131,0.0
29.353151,22.61798,22.902287,47.68939,143.90459,25.59354,35.345028,160.73334,15.304523,33.20939,153.66068,14.227339,45.284145,149.46564,15.174334,0.0
10.922685,24.29107,44.330914,72.59948,97.82721,54.977478,75.48382,111.00332,55.98219,70.032486,120.03272,52.899277,57.41746,127.03009,46.6567,0.0
21.783388,8.739772,41.665443,82.03879,88.36902,53.90407,96.29277,87.43433,84.00213,103.13005,85.828,77.53729,106.01742,78.14228,75.07099,0.0
17.964796,15.168625,77.5699,83.96451,83.87265,48.87752,106.904366,74.78527,85.87475,111.74315,77.858696,84.09522,117.97108,70.006454,84.49528,0.0
21.168402,25.974024,60.396374,63.309074,100.45118,50.540993,78.798965,100.043015,80.57572,89.21573,98.75367,77.4645,94.51915,93.83012,69.9468,0.0
22.08633,32.429825,55.80591,35.413387,127.05152,31.802162,42.956306,132.2924,62.544804,49.901993,136.26888,63.18787,57.66495,132.12854,50.371803,0.0
21.540087,33.691624,59.031815,34.11663,128.62222,31.24195,41.933052,132.88512,65.153275,47.611126,138.38234,64.670204,52.613995,137.15717,47.741417,0.0
20.714685,30.996748,71.85703,76.05585,88.67799,61.22441,96.20054,81.39933,97.68992,103.56701,83.133575,90.6501,105.74901,80.51529,80.33715,0.0
19.564693,29.729162,75.42669,95.34746,68.18734,60.93744,118.004265,58.688152,108.18362,127.637436,58.375877,101.75543,130.65971,53.53219,84.06607,0.0
17.043983,27.700428,83.26152,100.52767,64.78339,52.113773,123.831116,53.901318,99.08979,134.29283,52.680927,98.22704,135.13849,50.105488,81.20272,0.0
18.514883,30.203945,63.564243,39.715637,121.281906,38.66189,51.712547,123.01758,75.08853,58.68186,127.14832,71.78089,65.17135,123.470276,56.85078,0.0
18.761898,27.830427,56.72008,36.847176,124.445885,28.8855,43.91842,130.70258,54.462776,50.48776,135.3245,57.725548,57.277905,131.94913,48.45628,0.0
22.98736,30.683954,48.473785,39.390263,122.782455,25.04945,41.71685,133.35892,42.154522,46.701633,139.35387,43.24479,54.031662,134.7236,38.91929,0.0
24.57799,30.673294,51.28749,37.16677,124.97592,24.065493,40.54541,134.65253,41.85946,46.253223,140.05057,42.654987,53.506863,135.90163,37.760292,0.0
37.165897,16.067947,8.85693,5.4205313,4.7409544,1.8815145,4.5519824,4.3908887,2.3014538,6.66839,5.832329,1.3849787,9.90741,2.9999683,4.504401,1.0
35.350536,17.86498,8.4632845,5.8926086,6.2065573,1.9253304,4.0092115,6.275846,1.4451917,5.9634776,6.653203,2.3881254,8.803859,4.3398895,5.168314,1.0
35.64237,18.667253,9.581741,6.011933,6.9271245,2.130007,3.9963245,7.001007,1.2824194,6.018229,7.5014286,1.9681188,9.349934,3.6830137,4.8018208,1.0
33.622974,20.668007,6.5821085,8.172567,7.7138734,1.1996799,6.1858234,8.591728,0.48883298,8.07834,8.4953165,2.6297975,12.039754,2.6923645,4.3297863,1.0
31.165043,16.95728,12.932187,7.087279,9.153115,1.31606,5.072833,9.311321,0.9945529,7.6065245,8.435608,1.7536103,12.456152,4.0327077,3.949539,1.0
27.56239,0.8097518,21.507904,4.908363,7.513141,2.147543,2.6405253,6.895462,2.0721483,3.9779835,7.064617,1.2529612,8.997029,0.62471193,4.3970656,1.0
26.127058,1.6058664,21.054403,3.9788744,8.308356,1.351726,1.7215031,6.814814,1.7342469,1.8312374,6.37211,0.43540072,3.247,1.6865656,4.0856695,1.0
24.385136,10.666664,35.88473,5.291283,7.3428183,1.6131418,2.6399026,6.3336287,2.3837144,3.123705,7.0437384,1.0682777,9.681228,2.1217217,3.958615,1.0
34.19924,19.597162,7.575038,5.823046,7.737713,1.3137708,3.7635713,8.375591,0.63132024,7.412072,8.75859,1.951436,10.753372,3.9230611,5.3028135,1.0
34.292366,19.350924,9.36118,6.7152514,8.097427,1.44449,4.591633,8.658513,0.26994717,8.140465,8.983045,2.375799,12.000719,3.294243,5.2483354,1.0
32.491795,23.21882,9.359909,10.875172,9.81329,1.5143968,5.749947,9.532245,0.4339746,11.024766,7.8244004,2.2299724,17.169834,4.513528,3.3923025,1.0
33.915527,21.454678,8.870713,11.453556,10.955754,1.9925244,6.238123,10.813458,0.2956207,11.318969,8.578584,1.6872222,18.407854,5.4493275,2.640229,1.0
36.08895,18.757765,7.007219,7.1468024,8.222108,0.9280875,3.5007524,8.581642,0.56205547,6.6611204,9.309793,1.1427789,11.810478,2.9807794,3.191288,1.0
36.106884,18.421686,7.766173,5.9521356,7.8193355,1.5203693,3.1755974,7.884228,0.7776488,5.525526,7.9310827,0.83780557,10.206873,2.9379344,3.36055,1.0
34.68141,16.509624,9.966031,5.9939427,7.6970925,1.3946505,3.3962088,8.108226,1.5283711,5.7443542,6.652553,0.9997951,9.864774,3.587138,3.9348867,1.0
33.088062,14.524191,12.161319,4.464295,7.7896023,2.0891323,2.9025137,7.650268,2.4264486,4.7404237,7.4331064,0.5711496,7.993219,1.6716808,3.938968,1.0
28.976912,8.899484,20.234093,3.9984984,8.635731,1.8744049,3.6813784,7.9705515,2.8354325,4.396365,6.9634147,1.5577658,7.1177425,0.701637,3.5971587,1.0
26.794939,2.2353024,21.201923,6.548959,6.198201,1.8180526,4.8423963,5.739551,3.1572013,4.567249,5.8081565,1.7176071,6.291129,1.2260118,4.508922,1.0
27.864552,1.7874557,19.946491,5.647813,5.647111,3.3505905,4.3324156,4.868686,4.030237,5.488857,6.0846443,2.5263083,6.6345215,0.9672282,4.4395504,1.0
24.08433,2.803764,6.2344437,8.185648,5.538067,2.3900228,6.294723,5.1652613,3.6170537,7.7179546,6.3019085,2.7344651,10.141005,4.791981,4.9673476,1.0
28.525696,3.9699566,4.8716235,12.607191,5.4357986,1.9620981,11.933602,7.251288,1.1908123,15.965542,7.6511216,2.0989926,20.924438,10.997512,3.9292853,1.0
14.066984,8.174874,7.4679556,11.266973,0.86908984,2.1510532,3.7867146,1.4971935,4.5002565,8.987816,1.4843781,4.425297,20.683485,4.0541115,4.531606,1.0
17.739264,7.298206,27.514322,7.6182785,2.0233643,2.6821547,6.153064,2.3397405,1.9672512,11.898408,3.838012,3.517864,15.703517,2.9791763,5.3472557,1.0
16.556059,4.050137,25.609648,9.200182,2.9273973,2.0962229,8.600433,2.316771,1.5324082,13.171658,0.92597526,0.94260603,16.424025,4.4857583,2.7616253,1.0
17.62396,9.77921,19.433422,8.673754,2.892109,3.3641422,6.358263,3.0203261,2.4890008,10.68684,2.2406988,0.31277245,15.479374,5.529636,1.7495656,1.0
14.783369,8.060417,22.92259,9.91144,1.1861212,2.150657,4.1602974,3.1333332,1.4441041,6.1847005,4.5446653,1.8774861,10.85548,3.6160011,3.2375398,1.0
14.538059,6.328596,19.37427,16.850216,1.2845389,1.1668851,11.466904,3.2697241,1.0515418,5.4133806,4.5444093,1.2582599,9.201007,3.3719337,3.5180585,1.0
24.13695,9.627321,1.8391837,17.027834,5.390542,2.0373013,12.316566,7.651979,0.24367164,10.603723,5.2200294,0.76020056,11.45368,2.0102081,0.19602633,1.0
34.27082,5.905522,11.282592,14.047078,4.465469,1.1560996,10.483003,5.274283,2.5808368,7.625147,4.780898,3.1973064,6.8378043,1.966664,1.6226485,1.0
34.19912,6.902818,15.277769,9.967508,7.2742276,1.5634407,6.467888,6.153413,2.1433253,5.7463083,6.268883,2.5694013,7.302442,5.3586545,2.4616945,1.0
34.16109,16.983728,5.9396167,7.2909374,8.435309,1.9308516,5.720644,8.824245,1.1641879,7.956541,9.974795,2.5693092,11.2934475,2.8595614,4.007195,1.0
29.60596,19.829906,8.936192,8.119303,8.819027,1.8803278,5.995984,9.217158,0.95364606,8.380542,6.916868,2.3284276,12.956397,2.0686617,3.994771,1.0
28.825512,19.388767,18.023682,6.777768,6.795772,3.0417578,4.2742734,6.4605503,1.6859299,7.075605,3.1948013,2.4612126,10.510962,5.5758643,4.0925593,1.0
20.923338,14.511175,12.350254,6.498129,4.4284434,6.6667995,2.3006086,3.6308901,3.5689116,5.9084044,2.9402714,4.440204,8.512912,1.7979884,5.9001145,1.0
29.43555,16.504097,17.027895,6.0556345,3.9058552,5.487664,3.0425696,2.197114,3.9475238,5.589154,0.5803352,4.8845844,8.007479,4.3702292,6.356729,1.0
35.27293,18.769907,8.833522,7.50958,6.9247518,2.8062494,4.947015,6.091219,1.9192243,6.784002,5.365699,3.0404427,10.612762,3.3302186,5.222056,1.0
37.85758,17.470617,7.7801147,6.5978594,8.387386,2.2525802,4.1303344,8.364168,1.4443661,6.859388,10.051766,1.3259594,10.949905,2.7559533,3.1414297,1.0
13.861521,11.68495,43.643692,15.51809,9.928633,3.8813858,11.071112,10.312932,4.099776,15.021521,21.364952,8.141051,25.596354,39.402523,31.353498,1.0
27.310541,14.096758,2.1148417,16.029257,25.908909,8.321434,10.997392,22.947756,11.975458,10.7134,24.270634,17.461424,14.847663,20.910404,16.931807,1.0
31.511429,18.074945,5.1823554,13.680239,14.004808,4.1205053,8.706678,11.007284,4.5757837,10.935539,8.328501,5.7724547,12.175217,6.051764,5.4471474,1.0
28.847864,3.9978611,7.2362504,8.747608,5.918708,3.590265,2.2591877,3.9421651,1.286082,2.898726,0.83032537,3.172005,2.3834932,4.852999,3.56988,1.0
26.51829,3.5878108,12.841601,7.902547,5.709653,2.831822,3.6810868,4.644255,1.3173088,4.7015595,4.1988335,4.149294,7.4564776,5.6869597,4.8865895,1.0
28.019398,4.7812057,14.693862,5.3662357,3.9369621,3.024725,4.7162576,4.6072907,0.573855,7.8337016,4.7511935,3.4183745,16.191599,6.3756113,6.1297355,1.0
26.993286,3.3443258,11.394549,7.145551,5.0323644,2.9158723,3.513136,4.576452,0.95424867,4.145227,2.9931045,3.9551346,5.8578496,5.6514573,5.161597,1.0
34.841522,12.925413,20.369562,9.497051,7.501279,3.3976374,4.986041,6.6862736,1.335123,7.9814563,3.9551296,2.8834457,6.348905,4.3507767,3.562593,1.0
33.609173,11.019854,18.84165,9.729203,7.516912,3.5996304,5.504921,7.121215,1.6395068,8.67085,3.8611944,2.9580786,5.8105454,4.3631005,3.8720074,1.0
36.24506,14.701886,14.287138,10.704562,6.6859207,4.509093,5.8943253,6.008994,1.9572567,8.653905,1.4338952,2.5938873,6.872104,3.9597182,2.9684067,1.0
28.35106,5.238757,9.893574,8.148059,5.4506745,3.2190723,3.4879367,4.678973,0.5352619,4.8247075,1.6330566,3.0867462,3.6432064,4.841452,4.4017687,1.0
30.10144,5.4647408,10.909878,7.758188,5.2530894,3.1766965,3.2641191,4.5032706,0.36691758,4.5068073,1.576958,2.75088,3.8278863,4.6038985,4.1036167,1.0
29.392433,3.7875404,12.637776,7.3012004,5.0248704,3.009676,3.676246,4.247718,0.3049392,4.345629,2.2650583,3.0142078,8.431919,4.81711,4.401442,1.0
28.228836,3.5605655,11.27857,6.856793,4.6708183,3.1813815,3.579444,4.551451,0.3359924,4.9317675,2.9139955,3.308079,10.327342,5.136533,4.7554946,1.0
27.87801,3.458181,12.519073,5.6024823,4.2775774,2.3996031,4.6126485,4.675895,0.775967,5.343785,3.733832,2.7724566,11.907927,4.0151825,4.534399,1.0
30.029205,4.166714,14.015811,6.088929,4.9187303,1.9355532,4.195758,4.4454722,1.570414,4.1536217,3.11051,3.1977553,6.2241974,4.6380486,4.1820993,1.0
31.827337,7.291827,13.258998,7.4058237,5.856302,2.8994107,4.7344656,5.4871287,0.84612274,4.623694,3.5956833,3.5078096,5.128478,4.601241,4.347193,1.0
34.44581,11.035437,16.24444,8.724747,7.2725635,3.170361,4.253835,5.9306693,0.33678183,5.762222,2.005209,1.5961221,5.1852617,3.850911,2.1179304,1.0
30.812819,7.712427,13.855534,7.835342,6.593301,2.0415003,3.6523855,5.1551456,0.86786604,3.6947985,1.951049,2.51153,2.7205975,4.48971,2.4744194,1.0
30.984434,7.3872457,15.198443,7.83658,6.296975,2.4993658,3.9708905,5.192572,0.52581567,3.7203424,2.3801987,2.3994799,2.54589,4.4869995,2.6085598,1.0
33.084156,4.8490505,17.16985,6.902425,4.7781706,2.3966963,5.026508,4.1650643,1.0618314,4.964431,3.5691433,2.9888778,8.730638,4.0508285,3.7952328,1.0
48.73171,40.76215,12.575561,9.097343,3.1007054,2.291855,11.264979,4.2905955,6.1134944,26.760853,143.54976,15.463756,40.0942,124.94869,12.935473,2.0
54.00646,42.745655,13.120318,7.675462,2.8529713,4.711133,12.35783,6.3464427,7.283452,31.160685,136.95418,16.10475,49.30974,114.00897,13.550032,2.0
49.057796,43.805202,12.549744,9.604196,2.5680554,3.6806924,12.582689,4.347187,7.330264,32.069324,138.12926,17.132992,46.205982,121.78366,15.285164,2.0
49.636734,42.375843,12.936555,9.427759,2.2500663,3.5377567,11.87044,3.6742158,7.093086,32.555557,135.24442,17.664299,48.437004,116.905556,14.6098175,2.0
49.65212,42.154785,11.652524,9.408169,1.8631744,3.6799033,12.311178,4.2461467,7.7166348,32.48873,136.99745,17.972445,45.044033,122.07111,15.007779,2.0
48.67659,41.13925,12.303411,9.718479,2.5237906,3.4096136,12.0649805,4.162449,7.1116257,31.302301,137.72978,17.65362,41.13517,126.44028,14.563462,2.0
49.06095,43.52268,10.465315,9.865535,3.4569294,3.3270845,12.400014,4.7101216,7.844745,34.1576,134.84628,18.187426,41.31847,128.23671,15.031509,2.0
52.945538,45.512646,6.102855,9.954776,3.196859,5.2756977,12.541701,4.829699,8.770741,34.9448,133.80666,18.643423,48.192375,120.55157,15.5864,2.0
47.32197,47.181084,8.606011,10.778578,2.1813498,4.430722,20.174133,3.8627694,11.171566,41.730724,129.58997,19.435085,49.716137,119.8611,16.711676,2.0
48.303432,47.09482,8.120302,10.966398,1.9286724,3.8467178,19.853662,3.733528,10.858135,41.797707,128.91734,19.506973,51.805283,117.35783,16.97583,2.0
47.584316,47.021378,8.0668955,10.550125,1.8164811,5.2014136,20.113825,3.7573743,10.993668,41.34909,129.03139,19.450607,52.428085,116.04999,16.848412,2.0
48.61651,39.626087,18.769295,8.273276,2.1197958,5.762337,18.520992,2.2813544,9.000686,34.5447,132.97755,18.149473,54.74561,107.49781,15.510791,2.0
48.603973,36.130135,26.026402,5.2530823,1.2867341,4.7074785,16.843168,2.2896323,8.63573,27.234322,136.01517,17.751844,52.18074,104.81973,16.257849,2.0
55.301,39.019623,16.971577,7.0909586,2.8816435,3.8990095,17.942095,4.7242475,6.8947444,30.030964,141.46306,16.382412,46.78097,118.489685,15.070241,2.0
55.237083,41.345924,11.020021,7.276278,3.533014,6.4078145,17.515528,4.6648703,8.915163,33.171867,138.76154,17.255276,47.067326,119.92536,14.794478,2.0
56.51259,38.96885,9.742071,5.7192183,6.176378,7.8149786,18.362768,6.7493687,7.7861314,31.850256,143.11156,15.256994,48.705963,120.57701,13.419926,2.0
56.923313,39.808945,11.860727,13.783691,14.561761,23.056814,23.055857,12.432319,14.831758,34.701126,141.76117,16.191942,51.478237,119.13965,15.065869,2.0
56.301514,39.26188,13.159532,20.270348,16.544085,47.773087,24.77439,13.287556,38.061543,35.84383,140.65288,16.899973,52.959133,118.24992,15.596304,2.0
50.60126,42.43092,9.932629,8.981255,3.997849,5.634934,18.184143,4.7014627,9.53151,36.76626,134.61345,18.668629,50.635105,119.439026,16.11437,2.0
48.128975,44.125923,8.729829,9.825677,2.9743254,4.7954783,17.405529,4.7823467,9.032074,37.503567,133.26224,18.77871,51.454426,117.69508,16.011587,2.0
25.417679,22.422964,74.83539,10.743662,0.74828106,2.0333354,10.021837,14.207882,6.798658,69.20442,96.16102,21.161322,109.83469,43.55789,19.989859,2.0
27.045965,14.168068,66.66127,11.880922,3.4232514,1.7389416,16.124172,11.816095,6.534317,72.692764,95.348564,34.51743,80.02413,81.21818,50.152412,2.0
30.826542,39.9435,33.34469,2.5341933,3.0318587,2.1287093,10.6673,5.3530903,7.418398,33.48279,140.13493,14.785562,66.90925,92.83651,8.915076,2.0
30.139013,36.69971,36.534733,1.0047148,2.8569596,1.6566132,10.488482,3.7292352,8.913073,24.688538,134.14313,19.719557,57.547695,90.349205,26.188835,2.0
29.031715,38.558056,27.434214,5.1402326,2.2389874,2.9168222,6.3502645,4.118398,10.292882,28.353298,116.73233,25.479156,69.48028,84.82545,31.82493,2.0
29.730492,28.45856,26.294603,4.3199334,3.206906,2.005834,9.899019,1.8306267,13.388561,15.8206,123.96463,30.828192,48.02504,96.737724,26.731707,2.0
28.186342,28.618654,34.538536,2.6712663,4.6641917,0.9262356,13.478546,2.763569,9.5031805,29.536478,121.475815,18.79755,60.650074,84.46992,18.119188,2.0
29.444561,35.792675,36.85047,4.1156597,3.720888,0.2528284,14.038896,3.8343241,7.078297,39.406097,125.98322,17.62276,64.237274,84.962,10.292598,2.0
14.815308,29.766752,44.529125,14.812782,3.0108047,4.800019,26.522348,7.8330173,3.6431086,76.96846,94.51778,31.068485,85.79682,80.91115,32.704277,2.0
27.92847,24.13377,53.16866,11.087638,2.1876466,5.6936965,12.794521,11.964789,6.863127,89.23944,75.85755,21.7544,114.08853,35.875385,13.20703,2.0
53.72583,41.240288,14.649351,8.584662,3.8702955,6.541784,11.061786,3.92212,7.963032,43.443962,117.62903,20.403477,86.95837,74.88738,16.802654,2.0
58.66695,39.896805,16.729942,7.4857316,2.582768,5.8416047,10.596884,4.879488,6.945422,35.25274,122.416885,19.919582,75.09458,81.920074,16.867516,2.0
50.272835,41.284695,24.119469,9.927303,2.196276,5.969725,9.943404,9.825436,7.67835,36.91412,119.34861,18.418955,97.90573,49.95393,16.504934,2.0
54.20531,55.83429,16.770395,9.747246,0.43107045,6.0984516,9.440525,10.5124235,9.742716,31.627253,127.24255,17.612186,84.74976,68.690926,18.236118,2.0
50.14638,51.66311,13.402355,11.009308,1.8202991,5.7513757,9.946402,6.7354913,7.8139896,45.249935,115.14795,20.436249,98.74188,58.10851,14.7599535,2.0
44.41268,52.24954,16.422745,10.7316265,2.3896408,5.1235685,10.827857,6.4209723,9.568809,38.901745,125.535255,21.074,68.15613,95.33537,24.63108,2.0
54.572044,47.155064,16.481153,9.104128,3.6316702,3.1885803,11.904392,8.473851,7.10059,29.701477,135.53403,17.20628,56.804527,104.11727,19.01338,2.0
49.858673,55.326664,8.727827,11.786321,2.0374236,4.8065877,12.243406,5.71583,7.6550465,32.297726,129.92136,17.493773,63.52368,95.065735,16.461609,2.0
33.18211,36.489017,50.50208,10.221386,1.0143087,4.465231,9.799073,8.297829,8.441447,36.66481,125.07079,20.845417,78.295296,73.66684,23.655476,2.0
29.402334,18.01037,65.45124,9.732417,3.322367,7.689102,10.35194,10.338751,9.097918,42.043575,125.78556,24.74893,72.76822,97.897125,32.579998,2.0
50.580746,50.294964,27.03812,9.720119,2.4607332,3.3573365,10.556838,4.3479867,6.9301147,33.85407,131.41724,18.623756,68.6173,94.75044,21.32844,2.0
58.421032,42.910133,1.4225581,11.095707,3.49498,7.559495,10.357795,3.5742757,9.2669525,36.748753,123.443085,21.340782,49.659252,111.01695,20.464388,2.0
58.080204,36.60699,2.5393248,14.087012,6.024754,8.597716,10.207698,9.093111,11.138774,38.772995,123.228676,25.272902,47.46849,117.1599,22.422562,2.0
50.87708,33.121304,3.927295,8.067766,3.8275018,6.152251,10.655146,9.567015,8.512621,41.179173,120.61355,28.041372,52.449898,112.32576,24.857454,2.0
47.009613,40.324844,3.9611118,9.008884,4.4951453,1.8655173,8.442155,8.480996,5.520043,32.95656,129.56976,18.652956,40.319492,126.8872,14.862176,2.0
35.640587,45.057995,22.78257,5.798165,2.69049,2.2561684,8.935741,4.7599773,4.745115,23.154123,148.06712,17.167461,40.375042,126.797295,18.760069,2.0
41.219936,68.5226,21.568895,10.9185,0.8601737,2.6356914,12.099294,11.316184,6.567126,20.520184,132.30544,17.155186,49.25185,95.01459,15.688033,2.0
40.003586,86.97652,13.515153,16.49461,2.7979496,6.69175,16.638905,6.9737372,9.596973,30.100826,115.52853,16.57241,65.99197,73.3661,14.841508,2.0
14.603357,52.777412,62.289173,19.99774,4.5507436,14.724658,18.838678,6.5525165,17.59002,77.35058,61.625145,23.021078,99.089714,37.060715,22.812916,2.0
17.233162,77.26457,35.706276,14.304824,12.681577,13.028493,33.753155,105.53785,25.175406,105.5314,48.313145,48.610573,115.06901,26.999678,113.14872,2.0
27.750925,13.632588,24.60566,21.823666,3.4924934,24.526773,13.618846,40.58649,43.896946,59.26314,73.46605,53.56277,55.491085,80.87825,51.533836,2.0
32.40066,38.725433,29.418604,23.081354,105.005714,25.547693,52.581238,106.866325,22.31847,75.648926,107.1054,21.66169,98.69536,91.34416,29.923042,2.0
36.4091,29.564621,18.791117,19.90273,81.131775,36.26736,40.980854,94.4839,35.692036,54.726875,101.06869,32.86231,75.76916,85.0475,39.945976,2.0
18.05853,111.71823,26.424622,12.645886,4.4636903,9.503637,14.980224,6.5204086,13.570224,87.39411,59.321426,27.752089,111.89216,33.976875,35.65478,2.0
30.315956,105.70258,9.741665,11.219595,3.1497822,9.01719,12.858219,2.5571268,13.429224,77.58128,76.91913,20.232685,107.72429,44.117626,24.070915,2.0
44.04103,79.653366,9.513066,10.619154,2.938492,9.220019,9.931018,3.7381914,11.192151,63.06807,95.45996,21.610777,100.269295,57.75162,24.85674,2.0
52.341515,37.14355,11.307818,12.225449,7.5627193,7.0003734,11.39005,9.348935,8.21781,31.990257,125.38518,19.832003,56.083424,102.10013,17.237541,2.0
48.58353,42.649483,8.156335,9.004551,5.261711,4.857754,11.082906,8.524536,7.6375294,36.77338,127.75884,21.107895,39.81879,129.04582,16.166203,2.0
37.780636,84.09994,7.1991067,9.786796,2.2982118,7.1231513,15.696924,3.2215483,9.450584,60.23943,98.200424,19.134346,100.758354,56.078674,18.091703,2.0
12.102478,96.82107,27.636103,7.037671,2.844213,9.457849,16.15255,5.560174,15.859019,116.31794,31.086622,53.88224,125.69614,19.35196,142.90428,2.0
41.29691,77.08723,14.681456,12.259768,0.5274564,6.918613,15.043092,1.5646082,8.847084,49.93958,109.66299,20.031155,84.416435,74.961815,18.10556,2.0
57.775734,49.60086,6.7420645,13.095543,1.0733589,6.8527684,11.097751,5.1038494,9.547077,37.913296,119.40227,20.175842,65.7691,92.3153,17.639877,2.0
56.213665,46.260338,7.553034,9.992904,2.5857666,5.3237457,11.811742,3.2712193,8.273933,34.736565,130.30382,18.969984,58.967884,104.96085,15.381318,2.0
23.830418,40.03059,18.475027,9.594997,1.681616,5.0697684,13.156473,1.224802,5.190016,56.658344,99.49352,50.996048,59.88114,74.46222,90.51525,2.0
37.914265,44.196526,12.785989,5.8717337,8.278116,1.4213294,7.226203,5.1370063,5.0409827,25.242968,156.90175,14.730172,64.59276,101.26083,5.9078135,2.0
23.4886,19.737673,58.92816,13.232228,3.1844337,3.2007637,16.315569,4.214343,4.5519505,69.253265,96.046326,31.80415,88.262085,56.755226,67.54738,2.0
20.905508,28.257666,28.162725,9.47702,2.6558723,2.4238217,16.530956,1.3912816,5.023697,46.747566,117.73611,38.67813,51.53276,105.99493,56.40394,2.0
39.14291,66.51068,17.000668,12.626441,1.355775,5.527004,10.43734,1.7946022,8.370917,48.19279,114.0797,18.63781,77.050125,86.46589,14.845022,2.0
56.33945,49.24803,4.4161263,12.615485,4.39419,7.694283,12.393108,4.1134768,9.609861,44.531803,117.14409,19.734514,71.458374,89.41101,19.243952,2.0
29.091173,43.066486,27.868868,9.952361,5.3339643,2.5077507,25.09713,2.6993861,5.3312654,61.29733,89.26968,54.837524,62.24211,77.93765,87.23785,2.0
29.158333,50.4063,32.755337,2.4642296,2.5897324,3.377313,5.6360536,0.96597606,8.391108,9.498172,155.93074,13.494137,13.760416,159.05269,15.859156,2.0
52.735115,49.811035,6.154162,9.464365,3.0623977,8.62295,11.47891,2.3263521,8.780185,40.902946,119.57032,18.994225,68.55062,90.450195,19.77063,2.0
42.755604,56.452545,15.544648,5.328391,3.6105864,7.562096,2.0148005,7.791735,4.057677,9.848877,9.408115,6.758481,51.709557,110.49435,10.681415,3.0
43.956387,59.624462,9.334963,3.434343,3.0301602,6.82907,0.3847662,6.648261,4.6125236,11.934284,6.7756157,7.1139073,81.05162,74.64593,9.735297,3.0
37.013004,80.2857,16.757694,5.3938003,2.2667515,6.420375,1.4258356,6.9043856,5.166497,16.71201,4.061409,10.108034,101.10607,52.594284,5.9882927,3.0
28.51481,77.12362,34.545517,5.1103706,2.2931595,7.1438303,2.786988,7.3826046,6.419433,22.9996,2.7590685,12.763304,107.53189,44.96831,5.977909,3.0
31.490793,50.28054,26.392406,15.453135,2.8676136,6.458079,8.539349,2.187197,4.5918193,19.493898,2.613545,7.861533,29.079948,145.52635,23.786348,3.0
35.39019,43.145866,10.039331,11.96477,5.116987,3.4802868,8.789402,5.153971,4.49535,8.881562,9.944883,8.044597,37.366886,103.87424,50.46978,3.0
33.471462,46.649307,11.522057,10.543156,2.171562,1.2955899,10.878255,3.303727,2.8612878,11.420393,6.986672,6.1842103,45.540348,108.871506,47.82846,3.0
34.96249,51.526836,7.93001,8.261042,5.4485974,2.0738869,9.985585,1.4553157,1.5656976,9.150292,8.370568,3.1915278,46.469524,75.63955,36.789497,3.0
33.611317,52.68449,6.6594,5.526768,5.508943,1.6467634,6.426094,4.013272,0.14600694,6.377199,7.034191,3.2985127,41.276314,80.92083,35.161343,3.0
34.022945,45.233765,19.427925,13.3212185,6.778889,2.22381,9.894146,1.2784076,1.421264,9.456062,6.3635936,3.2264802,43.82397,89.378174,49.429527,3.0
35.41642,50.62087,13.9762,13.942085,7.5559735,2.1574466,10.410542,1.0030003,2.2402673,9.909642,4.476099,5.236845,45.337547,95.26279,47.3577,3.0
15.438528,23.167257,70.93299,6.858085,1.7840811,3.9673502,4.896886,3.983471,5.574579,33.821144,7.0275393,13.4910965,75.968925,40.674515,24.0447,3.0
27.930933,64.069824,43.55601,5.835578,2.2694016,9.413589,2.2557003,5.510373,7.8717113,28.832703,3.1990073,13.918068,108.14729,44.186916,8.058084,3.0
38.899925,87.70117,9.060493,4.258386,2.5389683,7.8498907,3.4321465,6.7405825,5.504158,21.345974,2.5240738,12.549924,94.73757,58.498547,5.9653096,3.0
35.2704,80.24621,5.72122,7.5881104,2.3772902,5.502314,7.3277655,6.711933,4.474254,16.314724,7.566357,10.069968,88.108345,47.627556,9.224285,3.0
46.980873,83.440605,7.4995418,5.8713803,2.9119759,4.8391066,2.7248907,6.1562805,4.8187904,16.420412,7.3233967,12.749174,68.08244,71.98094,15.590317,3.0
46.606945,88.2805,9.931734,0.6354551,0.63078326,6.956578,0.5403826,5.6517305,4.814408,20.417875,3.353204,10.375304,83.660934,60.952003,10.827238,3.0
45.900505,67.21254,15.525316,6.659081,2.9562612,9.64008,1.7249947,8.034725,6.4221563,10.806915,6.579826,8.139044,85.436295,74.62164,11.81268,3.0
46.23688,62.79212,13.77079,5.7390394,4.8501096,12.379161,6.495456,7.544232,7.0323915,13.589788,9.214362,11.214543,64.50594,99.855034,14.814083,3.0
50.08599,58.461666,10.308126,10.5571995,3.44398,7.6600523,8.2418,6.3985996,4.8302813,12.615106,5.5823417,8.792878,55.067936,104.79234,9.160706,3.0
23.960344,74.574936,50.240597,5.0077767,2.9395144,7.9635844,1.7326258,7.774245,7.4680386,25.450281,1.8505018,15.004412,104.909904,38.138763,4.742301,3.0
19.347197,40.589012,21.48648,4.038643,4.394355,3.8201675,6.5367475,4.865386,6.8433113,40.438374,13.039098,12.8391485,43.96225,21.56583,19.165459,3.0
35.900665,52.647423,22.37977,19.309778,6.235238,3.6627443,11.769258,2.6898506,0.8565218,21.618252,2.5973396,0.6783454,34.59246,127.370445,26.175762,3.0
34.229576,52.74628,17.5121,9.70675,5.605292,1.2214985,11.857245,0.88227445,3.6735997,12.312252,9.171352,6.1467447,50.26737,92.686066,42.575916,3.0
28.974068,29.749966,21.167067,7.7632565,3.9437773,3.3827736,7.5687423,1.7769274,4.6729746,39.122444,90.514946,36.870705,59.275753,72.64685,39.09532,3.0
25.643198,30.193949,30.10921,3.8992279,3.1606207,3.292465,3.2995162,0.8799831,5.417,26.541273,68.44607,38.614117,56.188034,51.39521,40.031445,3.0
53.18441,45.50597,18.680014,15.945417,2.3907502,0.83338344,17.919914,1.4867454,1.9714246,9.007767,12.285703,8.132981,86.58892,50.33196,27.540152,3.0
61.563866,38.044296,6.4140596,26.56037,3.2479603,2.7751272,20.91755,6.2351575,4.099154,14.782704,6.5151625,6.249885,10.72703,170.46642,8.75061,3.0
50.54571,28.927544,7.3557224,26.36299,7.8982863,5.1543803,27.901167,3.9865441,3.8283935,24.233215,2.7742183,2.6814842,25.663677,32.24526,20.806892,3.0
35.118908,19.603846,31.15974,21.508587,18.845257,9.159441,21.973751,8.203339,4.2941766,25.545084,10.797116,4.8509774,38.717564,55.125526,21.910023,3.0
35.302155,17.099138,4.17232,15.164998,6.0798116,5.958343,16.819561,10.396163,2.6471229,16.70088,11.31127,6.772366,37.395405,119.419975,26.78701,3.0
36.625656,24.606781,3.8830502,13.807305,5.631327,4.123761,14.758648,6.378519,0.5875088,13.588842,7.2657485,5.4324975,34.455894,122.14752,26.401518,3.0
36.32994,24.535324,5.571084,12.284103,5.433564,4.659231,14.31894,8.646073,1.1968061,13.480917,8.084766,7.4363766,35.262653,122.54443,29.770405,3.0
31.074543,28.355268,9.235937,12.40812,4.989889,5.587309,20.443596,10.198078,1.0599273,26.149616,9.5223675,2.5503182,32.192024,13.759413,3.1009533,3.0
30.876724,24.34426,9.20354,14.445721,7.342915,6.6292925,19.796772,14.157381,1.849219,26.56096,16.29374,4.077804,37.546402,18.618828,4.1960664,3.0
30.95463,29.647161,21.40586,20.295645,10.449613,7.2434354,20.522926,16.474363,2.1583939,34.631634,20.272612,7.1230106,59.041912,40.773857,5.1929617,3.0
35.97955,30.451595,25.286692,17.23723,15.479684,9.709718,17.843527,31.993725,9.723541,47.20412,87.47266,18.801529,91.59225,54.14424,31.120378,3.0
16.29929,15.938058,13.693317,25.695156,22.715727,18.458948,21.809935,23.000599,12.307451,52.935127,64.47289,34.685104,61.841084,52.98415,46.85739,3.0
34.857582,15.895591,3.5459032,27.146627,24.730488,9.471178,15.549167,6.044564,1.8547461,18.429642,19.613445,1.7872912,29.485779,19.676453,8.326648,3.0
44.921913,55.962315,6.8170056,8.410508,3.785266,5.968248,4.5972257,6.469225,4.5524077,12.63775,4.9254045,8.651424,68.92829,91.39015,9.234509,3.0
46.063606,58.44152,12.565794,8.507574,3.8319032,5.237186,2.6092255,7.522619,3.4566143,13.24187,5.5693583,9.60765,75.16544,85.735954,10.921346,3.0
42.0613,51.969234,11.018084,5.1751294,2.4067283,6.684339,2.151949,6.932691,4.3149443,13.171063,5.9240637,9.689004,61.030933,98.80291,12.239981,3.0
38.32865,51.58854,21.486557,6.28152,2.92036,4.9970264,1.642538,5.5443606,4.191795,14.813552,6.487884,8.151071,85.817726,70.132835,12.634278,3.0
46.868305,63.234676,17.86411,3.4664814,3.331396,4.060124,0.43090838,7.8240075,3.8056343,14.52745,6.3258934,10.61906,72.503105,87.90053,10.343968,3.0
60.454323,67.97159,2.8107252,2.5595567,3.52823,6.0543556,1.9080609,7.267114,6.3079004,18.890265,1.2938964,12.329574,72.54646,74.98317,11.039078,3.0
53.04217,65.51302,4.5141315,2.4552913,2.478326,6.468928,1.4255604,7.3973002,3.861788,12.669067,6.2858934,8.020599,67.80493,86.71833,8.218843,3.0
42.89123,77.48667,18.274242,7.793854,2.309703,2.9494534,5.5580754,7.0296645,4.154566,15.034646,6.032197,9.327331,74.30054,82.52273,5.6879034,3.0
29.63024,44.677822,17.868855,16.701612,2.4583592,6.177184,13.860681,2.3353672,5.0108004,26.65077,4.447147,6.6605954,41.043762,44.942863,24.455599,3.0
33.237556,43.14838,18.044315,10.208226,5.7220206,2.6491604,6.6975565,1.6585597,4.2721314,6.148397,10.262313,8.235685,49.9241,91.17409,43.516605,3.0
30.458378,32.253365,20.442059,2.5924337,4.1667047,5.1285133,4.7354593,8.133999,4.85651,10.895707,12.523334,5.888876,28.558697,20.360271,6.029148,3.0
32.7905,35.860954,20.132969,46.8033,138.37749,17.09471,30.398354,10.3396435,5.4941344,30.05197,130.92815,22.055895,51.843834,107.83507,28.02773,3.0
30.338446,41.293404,26.975382,48.21875,134.61572,16.011753,27.55533,9.094942,7.2039156,26.138138,132.50607,19.244495,49.87399,109.1569,20.928368,3.0
31.084091,29.625498,10.382338,55.56406,123.04837,19.780724,36.58231,13.829708,9.667001,40.353767,127.696976,22.970144,56.34443,109.65514,22.160482,3.0
31.43458,27.2469,31.818022,34.69535,142.73967,18.306229,18.46538,3.1044774,2.5418763,16.226753,141.52893,21.972094,42.86275,115.88745,31.185228,3.0
22.506933,22.706503,35.954117,16.247755,161.03589,14.270035,13.324727,7.842203,6.5907445,29.81656,120.5164,27.84678,50.278526,99.53379,36.603096,3.0
28.619017,31.03093,26.22962,47.931496,145.8374,13.754049,35.73526,9.382188,10.432909,45.637295,129.29538,38.083878,73.53257,113.739685,43.771225,3.0
31.445686,53.36322,17.00369,68.07415,87.76406,41.47793,52.571938,6.015417,6.79616,56.25391,140.75838,21.4433,68.26673,110.13428,34.45276,3.0
34.7527,43.750816,11.641713,59.114475,120.4303,20.204975,40.578957,9.683039,9.443482,37.583675,138.71645,16.134092,57.944115,112.17561,21.054352,3.0
27.802269,30.809744,31.967377,38.942696,141.4786,17.173798,21.19731,6.9980316,2.596966,20.620596,132.21194,21.219513,49.46436,108.79024,26.922998,3.0
31.223742,32.659203,37.579605,36.22693,143.67381,16.667955,17.61412,4.7869916,2.0322711,17.393784,131.23868,24.315956,43.92521,107.45161,30.300865,3.0
32.177486,32.14702,33.7971,32.50964,147.69984,14.00773,14.503458,4.2548428,3.056653,16.490639,131.00948,24.805883,43.95399,102.359535,32.48587,3.0
30.443705,31.116217,34.971478,30.365507,149.23666,16.179672,12.846747,4.4214,1.8954865,19.318718,132.3421,23.44784,46.8123,101.81528,36.2281,3.0
34.595375,31.352076,36.46911,35.790997,144.64272,13.76963,15.226759,3.8894846,2.8960793,20.017403,135.25063,21.174429,46.958073,108.07618,29.373154,3.0
30.891731,30.041683,37.056553,33.89741,146.15308,15.21982,13.708163,6.221756,1.7053127,19.986263,132.06592,21.839176,45.334255,107.06062,29.990425,3.0
27.183771,34.593567,32.06679,53.094612,111.663086,28.838835,23.88148,8.916107,1.9047558,22.921417,137.48482,16.52485,36.587086,116.68979,10.967197,3.0
26.908028,32.958935,22.249651,54.734188,106.91591,29.019287,22.898653,9.209443,2.854189,23.868685,135.62396,17.285177,36.38861,115.25002,9.205416,3.0
27.969942,35.827755,31.187387,48.384537,114.94301,27.739809,21.769646,7.9716597,1.3949277,20.415716,138.32663,17.20684,37.423515,115.02213,13.890533,3.0
30.558235,28.115936,42.5356,28.355347,165.70618,8.496602,14.696688,4.807556,3.1066964,27.767494,129.97092,30.75054,54.335907,109.0525,38.565918,3.0
31.7835,27.055157,41.597443,13.769136,148.23218,16.800776,10.368644,5.644,7.3763666,43.669174,114.948975,26.304907,63.28442,98.2519,29.490597,3.0
30.216908,28.074333,29.975874,21.496609,146.68921,11.575047,9.957281,8.686458,6.112393,30.235039,126.64467,19.879143,54.389774,105.95,24.6682,3.0
37.3421,27.470179,29.056974,36.65999,170.45694,7.9115825,27.834826,8.344876,3.0892332,33.580307,138.2722,27.104546,50.61195,120.71564,38.964146,3.0
34.683323,27.901485,30.967304,42.700573,160.6287,6.1875405,29.283693,9.438474,6.755522,28.727327,126.52606,35.27432,52.513504,110.3324,39.00667,3.0
32.341484,36.458,30.347757,49.641243,145.53294,9.78611,32.91326,9.610738,8.066026,29.830256,124.83356,32.89271,54.76107,107.28465,32.087322,3.0
32.034035,39.151825,31.217009,48.06833,136.59747,18.132137,31.587763,8.457563,5.89169,26.686308,127.191895,27.204329,49.84244,102.932076,32.483948,3.0
33.19294,48.5969,40.522552,54.02683,128.55829,17.70417,30.1423,4.4572177,4.1593356,23.655535,129.47295,23.79175,46.74734,103.35443,27.029156,3.0
51.382114,50.443813,11.122876,72.80193,101.645355,53.360878,59.142273,13.909259,7.8108997,57.283413,137.65672,22.67607,63.19694,116.78369,27.207243,3.0
13.430169,36.110363,47.344364,111.8902,4.6962357,6.0211706,122.29001,16.614334,11.983925,122.96574,69.994064,71.15785,113.50729,64.899895,69.72846,3.0
37.308685,27.948427,35.77126,56.287056,122.77547,37.74761,48.86301,12.499945,4.3297896,51.281307,21.85141,7.7007537,60.343338,30.133284,14.355312,3.0
40.209774,28.084038,33.42998,44.47544,159.43254,0.9285929,37.405006,7.5131884,4.5929804,39.72016,137.42262,31.208864,52.655014,120.35862,46.04065,3.0
41.040394,22.765297,3.6763842,49.417515,79.79476,64.14418,38.873455,8.379465,7.168859,38.06661,140.88315,23.650743,52.55277,123.06375,30.653265,3.0
46.657017,32.69049,10.520757,51.755043,78.658875,58.690334,40.484352,8.385962,4.642828,37.040257,144.86003,21.49335,51.76612,123.037735,31.36962,3.0
49.833904,34.559074,6.5035543,75.68462,110.89312,34.497715,52.129864,13.662977,7.9226127,46.463825,138.05482,16.007658,52.120712,115.93683,17.223825,3.0
49.32995,47.68371,8.307216,75.05983,107.90731,37.223507,52.44984,10.973603,5.355619,44.38625,137.15703,16.460882,52.133305,113.39738,17.950033,3.0
29.98605,19.473236,17.726067,33.620136,156.27625,13.151262,21.782742,8.875651,3.3273504,23.349037,132.30057,23.807903,46.77515,114.75826,30.594833,3.0
35.637024,31.92147,39.06199,49.219727,154.74313,5.7250896,42.31682,11.235999,12.8004265,48.15758,122.946365,45.115597,64.82154,115.37124,46.7731,3.0
27.169636,30.407425,47.800583,45.342762,163.92691,20.729046,51.070656,18.773428,13.872639,75.20813,90.63565,35.699997,85.781235,69.812004,49.33931,3.0
26.96337,29.73526,39.669884,43.31657,133.55226,39.36056,47.59256,19.851929,13.944958,80.949165,86.96725,36.6223,95.00824,66.08906,45.548347,3.0
31.982166,31.152334,41.76194,44.34531,149.06224,31.84399,46.988235,18.56528,13.415804,79.20234,90.08812,36.060303,95.084145,70.52084,50.270264,3.0
39.243896,34.486523,41.01691,44.201748,140.12148,41.42162,44.727592,18.11566,14.272077,77.56664,90.044334,33.37184,93.17959,71.84689,44.388016,3.0
37.821354,32.78005,43.233727,45.170082,142.83757,41.429253,46.343826,16.828684,14.019812,76.26414,91.41169,37.26679,90.949356,73.89994,49.83793,3.0
19.424152,28.064173,61.19604,63.280186,40.85101,89.118,73.729324,10.01174,8.404535,85.977356,103.42001,35.30271,94.30696,83.57554,59.809982,3.0
20.06347,32.248505,10.701045,40.765453,8.6728735,7.2718596,40.186646,11.354472,8.017185,37.135815,8.902296,2.56855,42.5133,13.976575,5.3107934,3.0
27.163374,26.167685,18.850376,53.68909,118.30539,25.512638,40.80427,10.747776,7.834076,45.246452,141.04227,20.623102,58.38762,121.5729,28.514915,3.0
29.870972,28.28589,22.229769,56.805305,130.69403,17.457615,42.198044,17.429394,5.956698,46.838394,125.22616,26.856094,60.993904,113.48555,24.661118,3.0
30.049446,27.06462,20.486193,43.558258,142.90765,15.076506,27.117567,9.628278,4.267905,25.949158,125.36043,28.256773,46.356075,110.225716,29.084703,3.0
30.283165,26.032066,29.809032,36.764465,138.0513,19.257574,19.617289,5.6776,2.8583927,18.226425,127.86533,26.420101,41.15328,108.17342,28.311092,3.0
31.37927,26.513494,31.17301,33.303555,149.67499,14.572522,16.939499,5.2266545,2.9933982,17.450956,127.512665,29.311892,42.240566,107.618965,34.43878,3.0
29.50554,29.917484,42.670483,39.38239,133.31949,18.594725,18.188267,4.5071807,3.5247512,18.140009,131.18999,24.427103,42.891823,106.23054,29.960484,3.0
27.233734,26.355148,42.23963,33.531162,151.27208,7.2387905,15.036673,6.147097,4.9933133,22.577211,124.113556,30.563269,49.992146,106.51052,34.50672,3.0
28.769735,28.829807,39.27457,37.517357,152.32512,10.919315,21.933933,5.13701,3.508369,22.489063,131.04102,28.625383,48.55953,112.144165,34.603867,3.0
17.881332,33.8474,13.334792,47.95689,14.159912,14.737883,50.324062,7.780637,0.73216236,68.42314,113.402084,60.67064,77.25625,45.874424,44.994095,3.0
